episode_id,file_name,file_path,class_id,label
0,business_1.txt,data\dataset\business\business_1.txt,0,business
1,business_10.txt,data\dataset\business\business_10.txt,0,business
2,business_100.txt,data\dataset\business\business_100.txt,0,business
3,business_11.txt,data\dataset\business\business_11.txt,0,business
4,business_12.txt,data\dataset\business\business_12.txt,0,business
5,business_13.txt,data\dataset\business\business_13.txt,0,business
6,business_14.txt,data\dataset\business\business_14.txt,0,business
7,business_15.txt,data\dataset\business\business_15.txt,0,business
8,business_16.txt,data\dataset\business\business_16.txt,0,business
9,business_17.txt,data\dataset\business\business_17.txt,0,business
10,business_18.txt,data\dataset\business\business_18.txt,0,business
11,business_19.txt,data\dataset\business\business_19.txt,0,business
12,business_2.txt,data\dataset\business\business_2.txt,0,business
13,business_20.txt,data\dataset\business\business_20.txt,0,business
14,business_21.txt,data\dataset\business\business_21.txt,0,business
15,business_22.txt,data\dataset\business\business_22.txt,0,business
16,business_23.txt,data\dataset\business\business_23.txt,0,business
17,business_24.txt,data\dataset\business\business_24.txt,0,business
18,business_25.txt,data\dataset\business\business_25.txt,0,business
19,business_26.txt,data\dataset\business\business_26.txt,0,business
20,business_27.txt,data\dataset\business\business_27.txt,0,business
21,business_28.txt,data\dataset\business\business_28.txt,0,business
22,business_29.txt,data\dataset\business\business_29.txt,0,business
23,business_3.txt,data\dataset\business\business_3.txt,0,business
24,business_30.txt,data\dataset\business\business_30.txt,0,business
25,business_31.txt,data\dataset\business\business_31.txt,0,business
26,business_32.txt,data\dataset\business\business_32.txt,0,business
27,business_33.txt,data\dataset\business\business_33.txt,0,business
28,business_34.txt,data\dataset\business\business_34.txt,0,business
29,business_35.txt,data\dataset\business\business_35.txt,0,business
30,business_36.txt,data\dataset\business\business_36.txt,0,business
31,business_37.txt,data\dataset\business\business_37.txt,0,business
32,business_38.txt,data\dataset\business\business_38.txt,0,business
33,business_39.txt,data\dataset\business\business_39.txt,0,business
34,business_4.txt,data\dataset\business\business_4.txt,0,business
35,business_40.txt,data\dataset\business\business_40.txt,0,business
36,business_41.txt,data\dataset\business\business_41.txt,0,business
37,business_42.txt,data\dataset\business\business_42.txt,0,business
38,business_43.txt,data\dataset\business\business_43.txt,0,business
39,business_44.txt,data\dataset\business\business_44.txt,0,business
40,business_45.txt,data\dataset\business\business_45.txt,0,business
41,business_46.txt,data\dataset\business\business_46.txt,0,business
42,business_47.txt,data\dataset\business\business_47.txt,0,business
43,business_48.txt,data\dataset\business\business_48.txt,0,business
44,business_49.txt,data\dataset\business\business_49.txt,0,business
45,business_5.txt,data\dataset\business\business_5.txt,0,business
46,business_50.txt,data\dataset\business\business_50.txt,0,business
47,business_51.txt,data\dataset\business\business_51.txt,0,business
48,business_52.txt,data\dataset\business\business_52.txt,0,business
49,business_53.txt,data\dataset\business\business_53.txt,0,business
50,business_54.txt,data\dataset\business\business_54.txt,0,business
51,business_55.txt,data\dataset\business\business_55.txt,0,business
52,business_56.txt,data\dataset\business\business_56.txt,0,business
53,business_57.txt,data\dataset\business\business_57.txt,0,business
54,business_58.txt,data\dataset\business\business_58.txt,0,business
55,business_59.txt,data\dataset\business\business_59.txt,0,business
56,business_6.txt,data\dataset\business\business_6.txt,0,business
57,business_60.txt,data\dataset\business\business_60.txt,0,business
58,business_61.txt,data\dataset\business\business_61.txt,0,business
59,business_62.txt,data\dataset\business\business_62.txt,0,business
60,business_63.txt,data\dataset\business\business_63.txt,0,business
61,business_64.txt,data\dataset\business\business_64.txt,0,business
62,business_65.txt,data\dataset\business\business_65.txt,0,business
63,business_66.txt,data\dataset\business\business_66.txt,0,business
64,business_67.txt,data\dataset\business\business_67.txt,0,business
65,business_68.txt,data\dataset\business\business_68.txt,0,business
66,business_69.txt,data\dataset\business\business_69.txt,0,business
67,business_7.txt,data\dataset\business\business_7.txt,0,business
68,business_70.txt,data\dataset\business\business_70.txt,0,business
69,business_71.txt,data\dataset\business\business_71.txt,0,business
70,business_72.txt,data\dataset\business\business_72.txt,0,business
71,business_73.txt,data\dataset\business\business_73.txt,0,business
72,business_74.txt,data\dataset\business\business_74.txt,0,business
73,business_75.txt,data\dataset\business\business_75.txt,0,business
74,business_76.txt,data\dataset\business\business_76.txt,0,business
75,business_77.txt,data\dataset\business\business_77.txt,0,business
76,business_78.txt,data\dataset\business\business_78.txt,0,business
77,business_79.txt,data\dataset\business\business_79.txt,0,business
78,business_8.txt,data\dataset\business\business_8.txt,0,business
79,business_80.txt,data\dataset\business\business_80.txt,0,business
80,business_81.txt,data\dataset\business\business_81.txt,0,business
81,business_82.txt,data\dataset\business\business_82.txt,0,business
82,business_83.txt,data\dataset\business\business_83.txt,0,business
83,business_84.txt,data\dataset\business\business_84.txt,0,business
84,business_85.txt,data\dataset\business\business_85.txt,0,business
85,business_86.txt,data\dataset\business\business_86.txt,0,business
86,business_87.txt,data\dataset\business\business_87.txt,0,business
87,business_88.txt,data\dataset\business\business_88.txt,0,business
88,business_89.txt,data\dataset\business\business_89.txt,0,business
89,business_9.txt,data\dataset\business\business_9.txt,0,business
90,business_90.txt,data\dataset\business\business_90.txt,0,business
91,business_91.txt,data\dataset\business\business_91.txt,0,business
92,business_92.txt,data\dataset\business\business_92.txt,0,business
93,business_93.txt,data\dataset\business\business_93.txt,0,business
94,business_94.txt,data\dataset\business\business_94.txt,0,business
95,business_95.txt,data\dataset\business\business_95.txt,0,business
96,business_96.txt,data\dataset\business\business_96.txt,0,business
97,business_97.txt,data\dataset\business\business_97.txt,0,business
98,business_98.txt,data\dataset\business\business_98.txt,0,business
99,business_99.txt,data\dataset\business\business_99.txt,0,business
100,entertainment_1.txt,data\dataset\entertainment\entertainment_1.txt,1,entertainment
101,entertainment_10.txt,data\dataset\entertainment\entertainment_10.txt,1,entertainment
102,entertainment_100.txt,data\dataset\entertainment\entertainment_100.txt,1,entertainment
103,entertainment_11.txt,data\dataset\entertainment\entertainment_11.txt,1,entertainment
104,entertainment_12.txt,data\dataset\entertainment\entertainment_12.txt,1,entertainment
105,entertainment_13.txt,data\dataset\entertainment\entertainment_13.txt,1,entertainment
106,entertainment_14.txt,data\dataset\entertainment\entertainment_14.txt,1,entertainment
107,entertainment_15.txt,data\dataset\entertainment\entertainment_15.txt,1,entertainment
108,entertainment_16.txt,data\dataset\entertainment\entertainment_16.txt,1,entertainment
109,entertainment_17.txt,data\dataset\entertainment\entertainment_17.txt,1,entertainment
110,entertainment_18.txt,data\dataset\entertainment\entertainment_18.txt,1,entertainment
111,entertainment_19.txt,data\dataset\entertainment\entertainment_19.txt,1,entertainment
112,entertainment_2.txt,data\dataset\entertainment\entertainment_2.txt,1,entertainment
113,entertainment_20.txt,data\dataset\entertainment\entertainment_20.txt,1,entertainment
114,entertainment_21.txt,data\dataset\entertainment\entertainment_21.txt,1,entertainment
115,entertainment_22.txt,data\dataset\entertainment\entertainment_22.txt,1,entertainment
116,entertainment_23.txt,data\dataset\entertainment\entertainment_23.txt,1,entertainment
117,entertainment_24.txt,data\dataset\entertainment\entertainment_24.txt,1,entertainment
118,entertainment_25.txt,data\dataset\entertainment\entertainment_25.txt,1,entertainment
119,entertainment_26.txt,data\dataset\entertainment\entertainment_26.txt,1,entertainment
120,entertainment_27.txt,data\dataset\entertainment\entertainment_27.txt,1,entertainment
121,entertainment_28.txt,data\dataset\entertainment\entertainment_28.txt,1,entertainment
122,entertainment_29.txt,data\dataset\entertainment\entertainment_29.txt,1,entertainment
123,entertainment_3.txt,data\dataset\entertainment\entertainment_3.txt,1,entertainment
124,entertainment_30.txt,data\dataset\entertainment\entertainment_30.txt,1,entertainment
125,entertainment_31.txt,data\dataset\entertainment\entertainment_31.txt,1,entertainment
126,entertainment_32.txt,data\dataset\entertainment\entertainment_32.txt,1,entertainment
127,entertainment_33.txt,data\dataset\entertainment\entertainment_33.txt,1,entertainment
128,entertainment_34.txt,data\dataset\entertainment\entertainment_34.txt,1,entertainment
129,entertainment_35.txt,data\dataset\entertainment\entertainment_35.txt,1,entertainment
130,entertainment_36.txt,data\dataset\entertainment\entertainment_36.txt,1,entertainment
131,entertainment_37.txt,data\dataset\entertainment\entertainment_37.txt,1,entertainment
132,entertainment_38.txt,data\dataset\entertainment\entertainment_38.txt,1,entertainment
133,entertainment_39.txt,data\dataset\entertainment\entertainment_39.txt,1,entertainment
134,entertainment_4.txt,data\dataset\entertainment\entertainment_4.txt,1,entertainment
135,entertainment_40.txt,data\dataset\entertainment\entertainment_40.txt,1,entertainment
136,entertainment_41.txt,data\dataset\entertainment\entertainment_41.txt,1,entertainment
137,entertainment_42.txt,data\dataset\entertainment\entertainment_42.txt,1,entertainment
138,entertainment_43.txt,data\dataset\entertainment\entertainment_43.txt,1,entertainment
139,entertainment_44.txt,data\dataset\entertainment\entertainment_44.txt,1,entertainment
140,entertainment_45.txt,data\dataset\entertainment\entertainment_45.txt,1,entertainment
141,entertainment_46.txt,data\dataset\entertainment\entertainment_46.txt,1,entertainment
142,entertainment_47.txt,data\dataset\entertainment\entertainment_47.txt,1,entertainment
143,entertainment_48.txt,data\dataset\entertainment\entertainment_48.txt,1,entertainment
144,entertainment_49.txt,data\dataset\entertainment\entertainment_49.txt,1,entertainment
145,entertainment_5.txt,data\dataset\entertainment\entertainment_5.txt,1,entertainment
146,entertainment_50.txt,data\dataset\entertainment\entertainment_50.txt,1,entertainment
147,entertainment_51.txt,data\dataset\entertainment\entertainment_51.txt,1,entertainment
148,entertainment_52.txt,data\dataset\entertainment\entertainment_52.txt,1,entertainment
149,entertainment_53.txt,data\dataset\entertainment\entertainment_53.txt,1,entertainment
150,entertainment_54.txt,data\dataset\entertainment\entertainment_54.txt,1,entertainment
151,entertainment_55.txt,data\dataset\entertainment\entertainment_55.txt,1,entertainment
152,entertainment_56.txt,data\dataset\entertainment\entertainment_56.txt,1,entertainment
153,entertainment_57.txt,data\dataset\entertainment\entertainment_57.txt,1,entertainment
154,entertainment_58.txt,data\dataset\entertainment\entertainment_58.txt,1,entertainment
155,entertainment_59.txt,data\dataset\entertainment\entertainment_59.txt,1,entertainment
156,entertainment_6.txt,data\dataset\entertainment\entertainment_6.txt,1,entertainment
157,entertainment_60.txt,data\dataset\entertainment\entertainment_60.txt,1,entertainment
158,entertainment_61.txt,data\dataset\entertainment\entertainment_61.txt,1,entertainment
159,entertainment_62.txt,data\dataset\entertainment\entertainment_62.txt,1,entertainment
160,entertainment_63.txt,data\dataset\entertainment\entertainment_63.txt,1,entertainment
161,entertainment_64.txt,data\dataset\entertainment\entertainment_64.txt,1,entertainment
162,entertainment_65.txt,data\dataset\entertainment\entertainment_65.txt,1,entertainment
163,entertainment_66.txt,data\dataset\entertainment\entertainment_66.txt,1,entertainment
164,entertainment_67.txt,data\dataset\entertainment\entertainment_67.txt,1,entertainment
165,entertainment_68.txt,data\dataset\entertainment\entertainment_68.txt,1,entertainment
166,entertainment_69.txt,data\dataset\entertainment\entertainment_69.txt,1,entertainment
167,entertainment_7.txt,data\dataset\entertainment\entertainment_7.txt,1,entertainment
168,entertainment_70.txt,data\dataset\entertainment\entertainment_70.txt,1,entertainment
169,entertainment_71.txt,data\dataset\entertainment\entertainment_71.txt,1,entertainment
170,entertainment_72.txt,data\dataset\entertainment\entertainment_72.txt,1,entertainment
171,entertainment_73.txt,data\dataset\entertainment\entertainment_73.txt,1,entertainment
172,entertainment_74.txt,data\dataset\entertainment\entertainment_74.txt,1,entertainment
173,entertainment_75.txt,data\dataset\entertainment\entertainment_75.txt,1,entertainment
174,entertainment_76.txt,data\dataset\entertainment\entertainment_76.txt,1,entertainment
175,entertainment_77.txt,data\dataset\entertainment\entertainment_77.txt,1,entertainment
176,entertainment_78.txt,data\dataset\entertainment\entertainment_78.txt,1,entertainment
177,entertainment_79.txt,data\dataset\entertainment\entertainment_79.txt,1,entertainment
178,entertainment_8.txt,data\dataset\entertainment\entertainment_8.txt,1,entertainment
179,entertainment_80.txt,data\dataset\entertainment\entertainment_80.txt,1,entertainment
180,entertainment_81.txt,data\dataset\entertainment\entertainment_81.txt,1,entertainment
181,entertainment_82.txt,data\dataset\entertainment\entertainment_82.txt,1,entertainment
182,entertainment_83.txt,data\dataset\entertainment\entertainment_83.txt,1,entertainment
183,entertainment_84.txt,data\dataset\entertainment\entertainment_84.txt,1,entertainment
184,entertainment_85.txt,data\dataset\entertainment\entertainment_85.txt,1,entertainment
185,entertainment_86.txt,data\dataset\entertainment\entertainment_86.txt,1,entertainment
186,entertainment_87.txt,data\dataset\entertainment\entertainment_87.txt,1,entertainment
187,entertainment_88.txt,data\dataset\entertainment\entertainment_88.txt,1,entertainment
188,entertainment_89.txt,data\dataset\entertainment\entertainment_89.txt,1,entertainment
189,entertainment_9.txt,data\dataset\entertainment\entertainment_9.txt,1,entertainment
190,entertainment_90.txt,data\dataset\entertainment\entertainment_90.txt,1,entertainment
191,entertainment_91.txt,data\dataset\entertainment\entertainment_91.txt,1,entertainment
192,entertainment_92.txt,data\dataset\entertainment\entertainment_92.txt,1,entertainment
193,entertainment_93.txt,data\dataset\entertainment\entertainment_93.txt,1,entertainment
194,entertainment_94.txt,data\dataset\entertainment\entertainment_94.txt,1,entertainment
195,entertainment_95.txt,data\dataset\entertainment\entertainment_95.txt,1,entertainment
196,entertainment_96.txt,data\dataset\entertainment\entertainment_96.txt,1,entertainment
197,entertainment_97.txt,data\dataset\entertainment\entertainment_97.txt,1,entertainment
198,entertainment_98.txt,data\dataset\entertainment\entertainment_98.txt,1,entertainment
199,entertainment_99.txt,data\dataset\entertainment\entertainment_99.txt,1,entertainment
200,food_1.txt,data\dataset\food\food_1.txt,2,food
201,food_10.txt,data\dataset\food\food_10.txt,2,food
202,food_100.txt,data\dataset\food\food_100.txt,2,food
203,food_11.txt,data\dataset\food\food_11.txt,2,food
204,food_12.txt,data\dataset\food\food_12.txt,2,food
205,food_13.txt,data\dataset\food\food_13.txt,2,food
206,food_14.txt,data\dataset\food\food_14.txt,2,food
207,food_15.txt,data\dataset\food\food_15.txt,2,food
208,food_16.txt,data\dataset\food\food_16.txt,2,food
209,food_17.txt,data\dataset\food\food_17.txt,2,food
210,food_18.txt,data\dataset\food\food_18.txt,2,food
211,food_19.txt,data\dataset\food\food_19.txt,2,food
212,food_2.txt,data\dataset\food\food_2.txt,2,food
213,food_20.txt,data\dataset\food\food_20.txt,2,food
214,food_21.txt,data\dataset\food\food_21.txt,2,food
215,food_22.txt,data\dataset\food\food_22.txt,2,food
216,food_23.txt,data\dataset\food\food_23.txt,2,food
217,food_24.txt,data\dataset\food\food_24.txt,2,food
218,food_25.txt,data\dataset\food\food_25.txt,2,food
219,food_26.txt,data\dataset\food\food_26.txt,2,food
220,food_27.txt,data\dataset\food\food_27.txt,2,food
221,food_28.txt,data\dataset\food\food_28.txt,2,food
222,food_29.txt,data\dataset\food\food_29.txt,2,food
223,food_3.txt,data\dataset\food\food_3.txt,2,food
224,food_30.txt,data\dataset\food\food_30.txt,2,food
225,food_31.txt,data\dataset\food\food_31.txt,2,food
226,food_32.txt,data\dataset\food\food_32.txt,2,food
227,food_33.txt,data\dataset\food\food_33.txt,2,food
228,food_34.txt,data\dataset\food\food_34.txt,2,food
229,food_35.txt,data\dataset\food\food_35.txt,2,food
230,food_36.txt,data\dataset\food\food_36.txt,2,food
231,food_37.txt,data\dataset\food\food_37.txt,2,food
232,food_38.txt,data\dataset\food\food_38.txt,2,food
233,food_39.txt,data\dataset\food\food_39.txt,2,food
234,food_4.txt,data\dataset\food\food_4.txt,2,food
235,food_40.txt,data\dataset\food\food_40.txt,2,food
236,food_41.txt,data\dataset\food\food_41.txt,2,food
237,food_42.txt,data\dataset\food\food_42.txt,2,food
238,food_43.txt,data\dataset\food\food_43.txt,2,food
239,food_44.txt,data\dataset\food\food_44.txt,2,food
240,food_45.txt,data\dataset\food\food_45.txt,2,food
241,food_46.txt,data\dataset\food\food_46.txt,2,food
242,food_47.txt,data\dataset\food\food_47.txt,2,food
243,food_48.txt,data\dataset\food\food_48.txt,2,food
244,food_49.txt,data\dataset\food\food_49.txt,2,food
245,food_5.txt,data\dataset\food\food_5.txt,2,food
246,food_50.txt,data\dataset\food\food_50.txt,2,food
247,food_51.txt,data\dataset\food\food_51.txt,2,food
248,food_52.txt,data\dataset\food\food_52.txt,2,food
249,food_53.txt,data\dataset\food\food_53.txt,2,food
250,food_54.txt,data\dataset\food\food_54.txt,2,food
251,food_55.txt,data\dataset\food\food_55.txt,2,food
252,food_56.txt,data\dataset\food\food_56.txt,2,food
253,food_57.txt,data\dataset\food\food_57.txt,2,food
254,food_58.txt,data\dataset\food\food_58.txt,2,food
255,food_59.txt,data\dataset\food\food_59.txt,2,food
256,food_6.txt,data\dataset\food\food_6.txt,2,food
257,food_60.txt,data\dataset\food\food_60.txt,2,food
258,food_61.txt,data\dataset\food\food_61.txt,2,food
259,food_62.txt,data\dataset\food\food_62.txt,2,food
260,food_63.txt,data\dataset\food\food_63.txt,2,food
261,food_64.txt,data\dataset\food\food_64.txt,2,food
262,food_65.txt,data\dataset\food\food_65.txt,2,food
263,food_66.txt,data\dataset\food\food_66.txt,2,food
264,food_67.txt,data\dataset\food\food_67.txt,2,food
265,food_68.txt,data\dataset\food\food_68.txt,2,food
266,food_69.txt,data\dataset\food\food_69.txt,2,food
267,food_7.txt,data\dataset\food\food_7.txt,2,food
268,food_70.txt,data\dataset\food\food_70.txt,2,food
269,food_71.txt,data\dataset\food\food_71.txt,2,food
270,food_72.txt,data\dataset\food\food_72.txt,2,food
271,food_73.txt,data\dataset\food\food_73.txt,2,food
272,food_74.txt,data\dataset\food\food_74.txt,2,food
273,food_75.txt,data\dataset\food\food_75.txt,2,food
274,food_76.txt,data\dataset\food\food_76.txt,2,food
275,food_77.txt,data\dataset\food\food_77.txt,2,food
276,food_78.txt,data\dataset\food\food_78.txt,2,food
277,food_79.txt,data\dataset\food\food_79.txt,2,food
278,food_8.txt,data\dataset\food\food_8.txt,2,food
279,food_80.txt,data\dataset\food\food_80.txt,2,food
280,food_81.txt,data\dataset\food\food_81.txt,2,food
281,food_82.txt,data\dataset\food\food_82.txt,2,food
282,food_83.txt,data\dataset\food\food_83.txt,2,food
283,food_84.txt,data\dataset\food\food_84.txt,2,food
284,food_85.txt,data\dataset\food\food_85.txt,2,food
285,food_86.txt,data\dataset\food\food_86.txt,2,food
286,food_87.txt,data\dataset\food\food_87.txt,2,food
287,food_88.txt,data\dataset\food\food_88.txt,2,food
288,food_89.txt,data\dataset\food\food_89.txt,2,food
289,food_9.txt,data\dataset\food\food_9.txt,2,food
290,food_90.txt,data\dataset\food\food_90.txt,2,food
291,food_91.txt,data\dataset\food\food_91.txt,2,food
292,food_92.txt,data\dataset\food\food_92.txt,2,food
293,food_93.txt,data\dataset\food\food_93.txt,2,food
294,food_94.txt,data\dataset\food\food_94.txt,2,food
295,food_95.txt,data\dataset\food\food_95.txt,2,food
296,food_96.txt,data\dataset\food\food_96.txt,2,food
297,food_97.txt,data\dataset\food\food_97.txt,2,food
298,food_98.txt,data\dataset\food\food_98.txt,2,food
299,food_99.txt,data\dataset\food\food_99.txt,2,food
300,graphics_1.txt,data\dataset\graphics\graphics_1.txt,3,graphics
301,graphics_10.txt,data\dataset\graphics\graphics_10.txt,3,graphics
302,graphics_100.txt,data\dataset\graphics\graphics_100.txt,3,graphics
303,graphics_11.txt,data\dataset\graphics\graphics_11.txt,3,graphics
304,graphics_12.txt,data\dataset\graphics\graphics_12.txt,3,graphics
305,graphics_13.txt,data\dataset\graphics\graphics_13.txt,3,graphics
306,graphics_14.txt,data\dataset\graphics\graphics_14.txt,3,graphics
307,graphics_15.txt,data\dataset\graphics\graphics_15.txt,3,graphics
308,graphics_16.txt,data\dataset\graphics\graphics_16.txt,3,graphics
309,graphics_17.txt,data\dataset\graphics\graphics_17.txt,3,graphics
310,graphics_18.txt,data\dataset\graphics\graphics_18.txt,3,graphics
311,graphics_19.txt,data\dataset\graphics\graphics_19.txt,3,graphics
312,graphics_2.txt,data\dataset\graphics\graphics_2.txt,3,graphics
313,graphics_20.txt,data\dataset\graphics\graphics_20.txt,3,graphics
314,graphics_21.txt,data\dataset\graphics\graphics_21.txt,3,graphics
315,graphics_22.txt,data\dataset\graphics\graphics_22.txt,3,graphics
316,graphics_23.txt,data\dataset\graphics\graphics_23.txt,3,graphics
317,graphics_24.txt,data\dataset\graphics\graphics_24.txt,3,graphics
318,graphics_25.txt,data\dataset\graphics\graphics_25.txt,3,graphics
319,graphics_26.txt,data\dataset\graphics\graphics_26.txt,3,graphics
320,graphics_27.txt,data\dataset\graphics\graphics_27.txt,3,graphics
321,graphics_28.txt,data\dataset\graphics\graphics_28.txt,3,graphics
322,graphics_29.txt,data\dataset\graphics\graphics_29.txt,3,graphics
323,graphics_3.txt,data\dataset\graphics\graphics_3.txt,3,graphics
324,graphics_30.txt,data\dataset\graphics\graphics_30.txt,3,graphics
325,graphics_31.txt,data\dataset\graphics\graphics_31.txt,3,graphics
326,graphics_32.txt,data\dataset\graphics\graphics_32.txt,3,graphics
327,graphics_33.txt,data\dataset\graphics\graphics_33.txt,3,graphics
328,graphics_34.txt,data\dataset\graphics\graphics_34.txt,3,graphics
329,graphics_35.txt,data\dataset\graphics\graphics_35.txt,3,graphics
330,graphics_36.txt,data\dataset\graphics\graphics_36.txt,3,graphics
331,graphics_37.txt,data\dataset\graphics\graphics_37.txt,3,graphics
332,graphics_38.txt,data\dataset\graphics\graphics_38.txt,3,graphics
333,graphics_39.txt,data\dataset\graphics\graphics_39.txt,3,graphics
334,graphics_4.txt,data\dataset\graphics\graphics_4.txt,3,graphics
335,graphics_40.txt,data\dataset\graphics\graphics_40.txt,3,graphics
336,graphics_41.txt,data\dataset\graphics\graphics_41.txt,3,graphics
337,graphics_42.txt,data\dataset\graphics\graphics_42.txt,3,graphics
338,graphics_43.txt,data\dataset\graphics\graphics_43.txt,3,graphics
339,graphics_44.txt,data\dataset\graphics\graphics_44.txt,3,graphics
340,graphics_45.txt,data\dataset\graphics\graphics_45.txt,3,graphics
341,graphics_46.txt,data\dataset\graphics\graphics_46.txt,3,graphics
342,graphics_47.txt,data\dataset\graphics\graphics_47.txt,3,graphics
343,graphics_48.txt,data\dataset\graphics\graphics_48.txt,3,graphics
344,graphics_49.txt,data\dataset\graphics\graphics_49.txt,3,graphics
345,graphics_5.txt,data\dataset\graphics\graphics_5.txt,3,graphics
346,graphics_50.txt,data\dataset\graphics\graphics_50.txt,3,graphics
347,graphics_51.txt,data\dataset\graphics\graphics_51.txt,3,graphics
348,graphics_52.txt,data\dataset\graphics\graphics_52.txt,3,graphics
349,graphics_53.txt,data\dataset\graphics\graphics_53.txt,3,graphics
350,graphics_54.txt,data\dataset\graphics\graphics_54.txt,3,graphics
351,graphics_55.txt,data\dataset\graphics\graphics_55.txt,3,graphics
352,graphics_56.txt,data\dataset\graphics\graphics_56.txt,3,graphics
353,graphics_57.txt,data\dataset\graphics\graphics_57.txt,3,graphics
354,graphics_58.txt,data\dataset\graphics\graphics_58.txt,3,graphics
355,graphics_59.txt,data\dataset\graphics\graphics_59.txt,3,graphics
356,graphics_6.txt,data\dataset\graphics\graphics_6.txt,3,graphics
357,graphics_60.txt,data\dataset\graphics\graphics_60.txt,3,graphics
358,graphics_61.txt,data\dataset\graphics\graphics_61.txt,3,graphics
359,graphics_62.txt,data\dataset\graphics\graphics_62.txt,3,graphics
360,graphics_63.txt,data\dataset\graphics\graphics_63.txt,3,graphics
361,graphics_64.txt,data\dataset\graphics\graphics_64.txt,3,graphics
362,graphics_65.txt,data\dataset\graphics\graphics_65.txt,3,graphics
363,graphics_66.txt,data\dataset\graphics\graphics_66.txt,3,graphics
364,graphics_67.txt,data\dataset\graphics\graphics_67.txt,3,graphics
365,graphics_68.txt,data\dataset\graphics\graphics_68.txt,3,graphics
366,graphics_69.txt,data\dataset\graphics\graphics_69.txt,3,graphics
367,graphics_7.txt,data\dataset\graphics\graphics_7.txt,3,graphics
368,graphics_70.txt,data\dataset\graphics\graphics_70.txt,3,graphics
369,graphics_71.txt,data\dataset\graphics\graphics_71.txt,3,graphics
370,graphics_72.txt,data\dataset\graphics\graphics_72.txt,3,graphics
371,graphics_73.txt,data\dataset\graphics\graphics_73.txt,3,graphics
372,graphics_74.txt,data\dataset\graphics\graphics_74.txt,3,graphics
373,graphics_75.txt,data\dataset\graphics\graphics_75.txt,3,graphics
374,graphics_76.txt,data\dataset\graphics\graphics_76.txt,3,graphics
375,graphics_77.txt,data\dataset\graphics\graphics_77.txt,3,graphics
376,graphics_78.txt,data\dataset\graphics\graphics_78.txt,3,graphics
377,graphics_79.txt,data\dataset\graphics\graphics_79.txt,3,graphics
378,graphics_8.txt,data\dataset\graphics\graphics_8.txt,3,graphics
379,graphics_80.txt,data\dataset\graphics\graphics_80.txt,3,graphics
380,graphics_81.txt,data\dataset\graphics\graphics_81.txt,3,graphics
381,graphics_82.txt,data\dataset\graphics\graphics_82.txt,3,graphics
382,graphics_83.txt,data\dataset\graphics\graphics_83.txt,3,graphics
383,graphics_84.txt,data\dataset\graphics\graphics_84.txt,3,graphics
384,graphics_85.txt,data\dataset\graphics\graphics_85.txt,3,graphics
385,graphics_86.txt,data\dataset\graphics\graphics_86.txt,3,graphics
386,graphics_87.txt,data\dataset\graphics\graphics_87.txt,3,graphics
387,graphics_88.txt,data\dataset\graphics\graphics_88.txt,3,graphics
388,graphics_89.txt,data\dataset\graphics\graphics_89.txt,3,graphics
389,graphics_9.txt,data\dataset\graphics\graphics_9.txt,3,graphics
390,graphics_90.txt,data\dataset\graphics\graphics_90.txt,3,graphics
391,graphics_91.txt,data\dataset\graphics\graphics_91.txt,3,graphics
392,graphics_92.txt,data\dataset\graphics\graphics_92.txt,3,graphics
393,graphics_93.txt,data\dataset\graphics\graphics_93.txt,3,graphics
394,graphics_94.txt,data\dataset\graphics\graphics_94.txt,3,graphics
395,graphics_95.txt,data\dataset\graphics\graphics_95.txt,3,graphics
396,graphics_96.txt,data\dataset\graphics\graphics_96.txt,3,graphics
397,graphics_97.txt,data\dataset\graphics\graphics_97.txt,3,graphics
398,graphics_98.txt,data\dataset\graphics\graphics_98.txt,3,graphics
399,graphics_99.txt,data\dataset\graphics\graphics_99.txt,3,graphics
400,historical_1.txt,data\dataset\historical\historical_1.txt,4,historical
401,historical_10.txt,data\dataset\historical\historical_10.txt,4,historical
402,historical_100.txt,data\dataset\historical\historical_100.txt,4,historical
403,historical_11.txt,data\dataset\historical\historical_11.txt,4,historical
404,historical_12.txt,data\dataset\historical\historical_12.txt,4,historical
405,historical_13.txt,data\dataset\historical\historical_13.txt,4,historical
406,historical_14.txt,data\dataset\historical\historical_14.txt,4,historical
407,historical_15.txt,data\dataset\historical\historical_15.txt,4,historical
408,historical_16.txt,data\dataset\historical\historical_16.txt,4,historical
409,historical_17.txt,data\dataset\historical\historical_17.txt,4,historical
410,historical_18.txt,data\dataset\historical\historical_18.txt,4,historical
411,historical_19.txt,data\dataset\historical\historical_19.txt,4,historical
412,historical_2.txt,data\dataset\historical\historical_2.txt,4,historical
413,historical_20.txt,data\dataset\historical\historical_20.txt,4,historical
414,historical_21.txt,data\dataset\historical\historical_21.txt,4,historical
415,historical_22.txt,data\dataset\historical\historical_22.txt,4,historical
416,historical_23.txt,data\dataset\historical\historical_23.txt,4,historical
417,historical_24.txt,data\dataset\historical\historical_24.txt,4,historical
418,historical_25.txt,data\dataset\historical\historical_25.txt,4,historical
419,historical_26.txt,data\dataset\historical\historical_26.txt,4,historical
420,historical_27.txt,data\dataset\historical\historical_27.txt,4,historical
421,historical_28.txt,data\dataset\historical\historical_28.txt,4,historical
422,historical_29.txt,data\dataset\historical\historical_29.txt,4,historical
423,historical_3.txt,data\dataset\historical\historical_3.txt,4,historical
424,historical_30.txt,data\dataset\historical\historical_30.txt,4,historical
425,historical_31.txt,data\dataset\historical\historical_31.txt,4,historical
426,historical_32.txt,data\dataset\historical\historical_32.txt,4,historical
427,historical_33.txt,data\dataset\historical\historical_33.txt,4,historical
428,historical_34.txt,data\dataset\historical\historical_34.txt,4,historical
429,historical_35.txt,data\dataset\historical\historical_35.txt,4,historical
430,historical_36.txt,data\dataset\historical\historical_36.txt,4,historical
431,historical_37.txt,data\dataset\historical\historical_37.txt,4,historical
432,historical_38.txt,data\dataset\historical\historical_38.txt,4,historical
433,historical_39.txt,data\dataset\historical\historical_39.txt,4,historical
434,historical_4.txt,data\dataset\historical\historical_4.txt,4,historical
435,historical_40.txt,data\dataset\historical\historical_40.txt,4,historical
436,historical_41.txt,data\dataset\historical\historical_41.txt,4,historical
437,historical_42.txt,data\dataset\historical\historical_42.txt,4,historical
438,historical_43.txt,data\dataset\historical\historical_43.txt,4,historical
439,historical_44.txt,data\dataset\historical\historical_44.txt,4,historical
440,historical_45.txt,data\dataset\historical\historical_45.txt,4,historical
441,historical_46.txt,data\dataset\historical\historical_46.txt,4,historical
442,historical_47.txt,data\dataset\historical\historical_47.txt,4,historical
443,historical_48.txt,data\dataset\historical\historical_48.txt,4,historical
444,historical_49.txt,data\dataset\historical\historical_49.txt,4,historical
445,historical_5.txt,data\dataset\historical\historical_5.txt,4,historical
446,historical_50.txt,data\dataset\historical\historical_50.txt,4,historical
447,historical_51.txt,data\dataset\historical\historical_51.txt,4,historical
448,historical_52.txt,data\dataset\historical\historical_52.txt,4,historical
449,historical_53.txt,data\dataset\historical\historical_53.txt,4,historical
450,historical_54.txt,data\dataset\historical\historical_54.txt,4,historical
451,historical_55.txt,data\dataset\historical\historical_55.txt,4,historical
452,historical_56.txt,data\dataset\historical\historical_56.txt,4,historical
453,historical_57.txt,data\dataset\historical\historical_57.txt,4,historical
454,historical_58.txt,data\dataset\historical\historical_58.txt,4,historical
455,historical_59.txt,data\dataset\historical\historical_59.txt,4,historical
456,historical_6.txt,data\dataset\historical\historical_6.txt,4,historical
457,historical_60.txt,data\dataset\historical\historical_60.txt,4,historical
458,historical_61.txt,data\dataset\historical\historical_61.txt,4,historical
459,historical_62.txt,data\dataset\historical\historical_62.txt,4,historical
460,historical_63.txt,data\dataset\historical\historical_63.txt,4,historical
461,historical_64.txt,data\dataset\historical\historical_64.txt,4,historical
462,historical_65.txt,data\dataset\historical\historical_65.txt,4,historical
463,historical_66.txt,data\dataset\historical\historical_66.txt,4,historical
464,historical_67.txt,data\dataset\historical\historical_67.txt,4,historical
465,historical_68.txt,data\dataset\historical\historical_68.txt,4,historical
466,historical_69.txt,data\dataset\historical\historical_69.txt,4,historical
467,historical_7.txt,data\dataset\historical\historical_7.txt,4,historical
468,historical_70.txt,data\dataset\historical\historical_70.txt,4,historical
469,historical_71.txt,data\dataset\historical\historical_71.txt,4,historical
470,historical_72.txt,data\dataset\historical\historical_72.txt,4,historical
471,historical_73.txt,data\dataset\historical\historical_73.txt,4,historical
472,historical_74.txt,data\dataset\historical\historical_74.txt,4,historical
473,historical_75.txt,data\dataset\historical\historical_75.txt,4,historical
474,historical_76.txt,data\dataset\historical\historical_76.txt,4,historical
475,historical_77.txt,data\dataset\historical\historical_77.txt,4,historical
476,historical_78.txt,data\dataset\historical\historical_78.txt,4,historical
477,historical_79.txt,data\dataset\historical\historical_79.txt,4,historical
478,historical_8.txt,data\dataset\historical\historical_8.txt,4,historical
479,historical_80.txt,data\dataset\historical\historical_80.txt,4,historical
480,historical_81.txt,data\dataset\historical\historical_81.txt,4,historical
481,historical_82.txt,data\dataset\historical\historical_82.txt,4,historical
482,historical_83.txt,data\dataset\historical\historical_83.txt,4,historical
483,historical_84.txt,data\dataset\historical\historical_84.txt,4,historical
484,historical_85.txt,data\dataset\historical\historical_85.txt,4,historical
485,historical_86.txt,data\dataset\historical\historical_86.txt,4,historical
486,historical_87.txt,data\dataset\historical\historical_87.txt,4,historical
487,historical_88.txt,data\dataset\historical\historical_88.txt,4,historical
488,historical_89.txt,data\dataset\historical\historical_89.txt,4,historical
489,historical_9.txt,data\dataset\historical\historical_9.txt,4,historical
490,historical_90.txt,data\dataset\historical\historical_90.txt,4,historical
491,historical_91.txt,data\dataset\historical\historical_91.txt,4,historical
492,historical_92.txt,data\dataset\historical\historical_92.txt,4,historical
493,historical_93.txt,data\dataset\historical\historical_93.txt,4,historical
494,historical_94.txt,data\dataset\historical\historical_94.txt,4,historical
495,historical_95.txt,data\dataset\historical\historical_95.txt,4,historical
496,historical_96.txt,data\dataset\historical\historical_96.txt,4,historical
497,historical_97.txt,data\dataset\historical\historical_97.txt,4,historical
498,historical_98.txt,data\dataset\historical\historical_98.txt,4,historical
499,historical_99.txt,data\dataset\historical\historical_99.txt,4,historical
500,medical_1.txt,data\dataset\medical\medical_1.txt,5,medical
501,medical_102.txt,data\dataset\medical\medical_102.txt,5,medical
502,medical_103.txt,data\dataset\medical\medical_103.txt,5,medical
503,medical_121.txt,data\dataset\medical\medical_121.txt,5,medical
504,medical_13.txt,data\dataset\medical\medical_13.txt,5,medical
505,medical_134.txt,data\dataset\medical\medical_134.txt,5,medical
506,medical_137.txt,data\dataset\medical\medical_137.txt,5,medical
507,medical_145.txt,data\dataset\medical\medical_145.txt,5,medical
508,medical_15.txt,data\dataset\medical\medical_15.txt,5,medical
509,medical_152.txt,data\dataset\medical\medical_152.txt,5,medical
510,medical_157.txt,data\dataset\medical\medical_157.txt,5,medical
511,medical_158.txt,data\dataset\medical\medical_158.txt,5,medical
512,medical_168.txt,data\dataset\medical\medical_168.txt,5,medical
513,medical_176.txt,data\dataset\medical\medical_176.txt,5,medical
514,medical_186.txt,data\dataset\medical\medical_186.txt,5,medical
515,medical_188.txt,data\dataset\medical\medical_188.txt,5,medical
516,medical_244.txt,data\dataset\medical\medical_244.txt,5,medical
517,medical_246.txt,data\dataset\medical\medical_246.txt,5,medical
518,medical_248.txt,data\dataset\medical\medical_248.txt,5,medical
519,medical_250.txt,data\dataset\medical\medical_250.txt,5,medical
520,medical_278.txt,data\dataset\medical\medical_278.txt,5,medical
521,medical_285.txt,data\dataset\medical\medical_285.txt,5,medical
522,medical_286.txt,data\dataset\medical\medical_286.txt,5,medical
523,medical_289.txt,data\dataset\medical\medical_289.txt,5,medical
524,medical_292.txt,data\dataset\medical\medical_292.txt,5,medical
525,medical_294.txt,data\dataset\medical\medical_294.txt,5,medical
526,medical_295.txt,data\dataset\medical\medical_295.txt,5,medical
527,medical_300.txt,data\dataset\medical\medical_300.txt,5,medical
528,medical_308.txt,data\dataset\medical\medical_308.txt,5,medical
529,medical_314.txt,data\dataset\medical\medical_314.txt,5,medical
530,medical_318.txt,data\dataset\medical\medical_318.txt,5,medical
531,medical_319.txt,data\dataset\medical\medical_319.txt,5,medical
532,medical_322.txt,data\dataset\medical\medical_322.txt,5,medical
533,medical_327.txt,data\dataset\medical\medical_327.txt,5,medical
534,medical_329.txt,data\dataset\medical\medical_329.txt,5,medical
535,medical_334.txt,data\dataset\medical\medical_334.txt,5,medical
536,medical_335.txt,data\dataset\medical\medical_335.txt,5,medical
537,medical_346.txt,data\dataset\medical\medical_346.txt,5,medical
538,medical_349.txt,data\dataset\medical\medical_349.txt,5,medical
539,medical_360.txt,data\dataset\medical\medical_360.txt,5,medical
540,medical_364.txt,data\dataset\medical\medical_364.txt,5,medical
541,medical_376.txt,data\dataset\medical\medical_376.txt,5,medical
542,medical_382.txt,data\dataset\medical\medical_382.txt,5,medical
543,medical_384.txt,data\dataset\medical\medical_384.txt,5,medical
544,medical_385.txt,data\dataset\medical\medical_385.txt,5,medical
545,medical_40.txt,data\dataset\medical\medical_40.txt,5,medical
546,medical_401.txt,data\dataset\medical\medical_401.txt,5,medical
547,medical_406.txt,data\dataset\medical\medical_406.txt,5,medical
548,medical_41.txt,data\dataset\medical\medical_41.txt,5,medical
549,medical_413.txt,data\dataset\medical\medical_413.txt,5,medical
550,medical_424.txt,data\dataset\medical\medical_424.txt,5,medical
551,medical_425.txt,data\dataset\medical\medical_425.txt,5,medical
552,medical_437.txt,data\dataset\medical\medical_437.txt,5,medical
553,medical_438.txt,data\dataset\medical\medical_438.txt,5,medical
554,medical_448.txt,data\dataset\medical\medical_448.txt,5,medical
555,medical_449.txt,data\dataset\medical\medical_449.txt,5,medical
556,medical_458.txt,data\dataset\medical\medical_458.txt,5,medical
557,medical_466.txt,data\dataset\medical\medical_466.txt,5,medical
558,medical_468.txt,data\dataset\medical\medical_468.txt,5,medical
559,medical_485.txt,data\dataset\medical\medical_485.txt,5,medical
560,medical_487.txt,data\dataset\medical\medical_487.txt,5,medical
561,medical_488.txt,data\dataset\medical\medical_488.txt,5,medical
562,medical_499.txt,data\dataset\medical\medical_499.txt,5,medical
563,medical_500.txt,data\dataset\medical\medical_500.txt,5,medical
564,medical_529.txt,data\dataset\medical\medical_529.txt,5,medical
565,medical_531.txt,data\dataset\medical\medical_531.txt,5,medical
566,medical_534.txt,data\dataset\medical\medical_534.txt,5,medical
567,medical_542.txt,data\dataset\medical\medical_542.txt,5,medical
568,medical_557.txt,data\dataset\medical\medical_557.txt,5,medical
569,medical_559.txt,data\dataset\medical\medical_559.txt,5,medical
570,medical_560.txt,data\dataset\medical\medical_560.txt,5,medical
571,medical_564.txt,data\dataset\medical\medical_564.txt,5,medical
572,medical_565.txt,data\dataset\medical\medical_565.txt,5,medical
573,medical_572.txt,data\dataset\medical\medical_572.txt,5,medical
574,medical_579.txt,data\dataset\medical\medical_579.txt,5,medical
575,medical_58.txt,data\dataset\medical\medical_58.txt,5,medical
576,medical_584.txt,data\dataset\medical\medical_584.txt,5,medical
577,medical_586.txt,data\dataset\medical\medical_586.txt,5,medical
578,medical_590.txt,data\dataset\medical\medical_590.txt,5,medical
579,medical_597.txt,data\dataset\medical\medical_597.txt,5,medical
580,medical_60.txt,data\dataset\medical\medical_60.txt,5,medical
581,medical_608.txt,data\dataset\medical\medical_608.txt,5,medical
582,medical_610.txt,data\dataset\medical\medical_610.txt,5,medical
583,medical_619.txt,data\dataset\medical\medical_619.txt,5,medical
584,medical_624.txt,data\dataset\medical\medical_624.txt,5,medical
585,medical_625.txt,data\dataset\medical\medical_625.txt,5,medical
586,medical_631.txt,data\dataset\medical\medical_631.txt,5,medical
587,medical_642.txt,data\dataset\medical\medical_642.txt,5,medical
588,medical_644.txt,data\dataset\medical\medical_644.txt,5,medical
589,medical_645.txt,data\dataset\medical\medical_645.txt,5,medical
590,medical_646.txt,data\dataset\medical\medical_646.txt,5,medical
591,medical_660.txt,data\dataset\medical\medical_660.txt,5,medical
592,medical_67.txt,data\dataset\medical\medical_67.txt,5,medical
593,medical_672.txt,data\dataset\medical\medical_672.txt,5,medical
594,medical_677.txt,data\dataset\medical\medical_677.txt,5,medical
595,medical_679.txt,data\dataset\medical\medical_679.txt,5,medical
596,medical_691.txt,data\dataset\medical\medical_691.txt,5,medical
597,medical_692.txt,data\dataset\medical\medical_692.txt,5,medical
598,medical_694.txt,data\dataset\medical\medical_694.txt,5,medical
599,medical_695.txt,data\dataset\medical\medical_695.txt,5,medical
600,other_1.txt,data\dataset\other\other_1.txt,10,other
601,other_2.txt,data\dataset\other\other_2.txt,10,other
602,other_3.txt,data\dataset\other\other_3.txt,10,other
603,other_4.txt,data\dataset\other\other_4.txt,10,other
604,other_5.txt,data\dataset\other\other_5.txt,10,other
605,other_6.txt,data\dataset\other\other_6.txt,10,other
606,politics_1.txt,data\dataset\politics\politics_1.txt,6,politics
607,politics_10.txt,data\dataset\politics\politics_10.txt,6,politics
608,politics_101.txt,data\dataset\politics\politics_101.txt,6,politics
609,politics_111.txt,data\dataset\politics\politics_111.txt,6,politics
610,politics_112.txt,data\dataset\politics\politics_112.txt,6,politics
611,politics_114.txt,data\dataset\politics\politics_114.txt,6,politics
612,politics_117.txt,data\dataset\politics\politics_117.txt,6,politics
613,politics_119.txt,data\dataset\politics\politics_119.txt,6,politics
614,politics_127.txt,data\dataset\politics\politics_127.txt,6,politics
615,politics_128.txt,data\dataset\politics\politics_128.txt,6,politics
616,politics_129.txt,data\dataset\politics\politics_129.txt,6,politics
617,politics_130.txt,data\dataset\politics\politics_130.txt,6,politics
618,politics_131.txt,data\dataset\politics\politics_131.txt,6,politics
619,politics_134.txt,data\dataset\politics\politics_134.txt,6,politics
620,politics_136.txt,data\dataset\politics\politics_136.txt,6,politics
621,politics_137.txt,data\dataset\politics\politics_137.txt,6,politics
622,politics_138.txt,data\dataset\politics\politics_138.txt,6,politics
623,politics_139.txt,data\dataset\politics\politics_139.txt,6,politics
624,politics_142.txt,data\dataset\politics\politics_142.txt,6,politics
625,politics_144.txt,data\dataset\politics\politics_144.txt,6,politics
626,politics_149.txt,data\dataset\politics\politics_149.txt,6,politics
627,politics_15.txt,data\dataset\politics\politics_15.txt,6,politics
628,politics_151.txt,data\dataset\politics\politics_151.txt,6,politics
629,politics_153.txt,data\dataset\politics\politics_153.txt,6,politics
630,politics_154.txt,data\dataset\politics\politics_154.txt,6,politics
631,politics_155.txt,data\dataset\politics\politics_155.txt,6,politics
632,politics_160.txt,data\dataset\politics\politics_160.txt,6,politics
633,politics_168.txt,data\dataset\politics\politics_168.txt,6,politics
634,politics_17.txt,data\dataset\politics\politics_17.txt,6,politics
635,politics_172.txt,data\dataset\politics\politics_172.txt,6,politics
636,politics_173.txt,data\dataset\politics\politics_173.txt,6,politics
637,politics_175.txt,data\dataset\politics\politics_175.txt,6,politics
638,politics_180.txt,data\dataset\politics\politics_180.txt,6,politics
639,politics_182.txt,data\dataset\politics\politics_182.txt,6,politics
640,politics_188.txt,data\dataset\politics\politics_188.txt,6,politics
641,politics_189.txt,data\dataset\politics\politics_189.txt,6,politics
642,politics_19.txt,data\dataset\politics\politics_19.txt,6,politics
643,politics_192.txt,data\dataset\politics\politics_192.txt,6,politics
644,politics_193.txt,data\dataset\politics\politics_193.txt,6,politics
645,politics_2.txt,data\dataset\politics\politics_2.txt,6,politics
646,politics_20.txt,data\dataset\politics\politics_20.txt,6,politics
647,politics_201.txt,data\dataset\politics\politics_201.txt,6,politics
648,politics_204.txt,data\dataset\politics\politics_204.txt,6,politics
649,politics_205.txt,data\dataset\politics\politics_205.txt,6,politics
650,politics_208.txt,data\dataset\politics\politics_208.txt,6,politics
651,politics_209.txt,data\dataset\politics\politics_209.txt,6,politics
652,politics_21.txt,data\dataset\politics\politics_21.txt,6,politics
653,politics_210.txt,data\dataset\politics\politics_210.txt,6,politics
654,politics_211.txt,data\dataset\politics\politics_211.txt,6,politics
655,politics_212.txt,data\dataset\politics\politics_212.txt,6,politics
656,politics_217.txt,data\dataset\politics\politics_217.txt,6,politics
657,politics_220.txt,data\dataset\politics\politics_220.txt,6,politics
658,politics_221.txt,data\dataset\politics\politics_221.txt,6,politics
659,politics_222.txt,data\dataset\politics\politics_222.txt,6,politics
660,politics_225.txt,data\dataset\politics\politics_225.txt,6,politics
661,politics_226.txt,data\dataset\politics\politics_226.txt,6,politics
662,politics_229.txt,data\dataset\politics\politics_229.txt,6,politics
663,politics_230.txt,data\dataset\politics\politics_230.txt,6,politics
664,politics_231.txt,data\dataset\politics\politics_231.txt,6,politics
665,politics_232.txt,data\dataset\politics\politics_232.txt,6,politics
666,politics_235.txt,data\dataset\politics\politics_235.txt,6,politics
667,politics_236.txt,data\dataset\politics\politics_236.txt,6,politics
668,politics_237.txt,data\dataset\politics\politics_237.txt,6,politics
669,politics_239.txt,data\dataset\politics\politics_239.txt,6,politics
670,politics_242.txt,data\dataset\politics\politics_242.txt,6,politics
671,politics_247.txt,data\dataset\politics\politics_247.txt,6,politics
672,politics_249.txt,data\dataset\politics\politics_249.txt,6,politics
673,politics_250.txt,data\dataset\politics\politics_250.txt,6,politics
674,politics_262.txt,data\dataset\politics\politics_262.txt,6,politics
675,politics_265.txt,data\dataset\politics\politics_265.txt,6,politics
676,politics_266.txt,data\dataset\politics\politics_266.txt,6,politics
677,politics_269.txt,data\dataset\politics\politics_269.txt,6,politics
678,politics_271.txt,data\dataset\politics\politics_271.txt,6,politics
679,politics_272.txt,data\dataset\politics\politics_272.txt,6,politics
680,politics_273.txt,data\dataset\politics\politics_273.txt,6,politics
681,politics_275.txt,data\dataset\politics\politics_275.txt,6,politics
682,politics_277.txt,data\dataset\politics\politics_277.txt,6,politics
683,politics_282.txt,data\dataset\politics\politics_282.txt,6,politics
684,politics_283.txt,data\dataset\politics\politics_283.txt,6,politics
685,politics_287.txt,data\dataset\politics\politics_287.txt,6,politics
686,politics_288.txt,data\dataset\politics\politics_288.txt,6,politics
687,politics_293.txt,data\dataset\politics\politics_293.txt,6,politics
688,politics_294.txt,data\dataset\politics\politics_294.txt,6,politics
689,politics_298.txt,data\dataset\politics\politics_298.txt,6,politics
690,politics_301.txt,data\dataset\politics\politics_301.txt,6,politics
691,politics_303.txt,data\dataset\politics\politics_303.txt,6,politics
692,politics_307.txt,data\dataset\politics\politics_307.txt,6,politics
693,politics_31.txt,data\dataset\politics\politics_31.txt,6,politics
694,politics_313.txt,data\dataset\politics\politics_313.txt,6,politics
695,politics_316.txt,data\dataset\politics\politics_316.txt,6,politics
696,politics_317.txt,data\dataset\politics\politics_317.txt,6,politics
697,politics_319.txt,data\dataset\politics\politics_319.txt,6,politics
698,politics_321.txt,data\dataset\politics\politics_321.txt,6,politics
699,politics_322.txt,data\dataset\politics\politics_322.txt,6,politics
700,politics_325.txt,data\dataset\politics\politics_325.txt,6,politics
701,politics_326.txt,data\dataset\politics\politics_326.txt,6,politics
702,politics_329.txt,data\dataset\politics\politics_329.txt,6,politics
703,politics_335.txt,data\dataset\politics\politics_335.txt,6,politics
704,politics_34.txt,data\dataset\politics\politics_34.txt,6,politics
705,politics_357.txt,data\dataset\politics\politics_357.txt,6,politics
706,space_1.txt,data\dataset\space\space_1.txt,7,space
707,space_10.txt,data\dataset\space\space_10.txt,7,space
708,space_100.txt,data\dataset\space\space_100.txt,7,space
709,space_11.txt,data\dataset\space\space_11.txt,7,space
710,space_12.txt,data\dataset\space\space_12.txt,7,space
711,space_13.txt,data\dataset\space\space_13.txt,7,space
712,space_14.txt,data\dataset\space\space_14.txt,7,space
713,space_15.txt,data\dataset\space\space_15.txt,7,space
714,space_16.txt,data\dataset\space\space_16.txt,7,space
715,space_17.txt,data\dataset\space\space_17.txt,7,space
716,space_18.txt,data\dataset\space\space_18.txt,7,space
717,space_19.txt,data\dataset\space\space_19.txt,7,space
718,space_2.txt,data\dataset\space\space_2.txt,7,space
719,space_20.txt,data\dataset\space\space_20.txt,7,space
720,space_21.txt,data\dataset\space\space_21.txt,7,space
721,space_22.txt,data\dataset\space\space_22.txt,7,space
722,space_23.txt,data\dataset\space\space_23.txt,7,space
723,space_24.txt,data\dataset\space\space_24.txt,7,space
724,space_25.txt,data\dataset\space\space_25.txt,7,space
725,space_26.txt,data\dataset\space\space_26.txt,7,space
726,space_27.txt,data\dataset\space\space_27.txt,7,space
727,space_28.txt,data\dataset\space\space_28.txt,7,space
728,space_29.txt,data\dataset\space\space_29.txt,7,space
729,space_3.txt,data\dataset\space\space_3.txt,7,space
730,space_30.txt,data\dataset\space\space_30.txt,7,space
731,space_31.txt,data\dataset\space\space_31.txt,7,space
732,space_32.txt,data\dataset\space\space_32.txt,7,space
733,space_33.txt,data\dataset\space\space_33.txt,7,space
734,space_34.txt,data\dataset\space\space_34.txt,7,space
735,space_35.txt,data\dataset\space\space_35.txt,7,space
736,space_36.txt,data\dataset\space\space_36.txt,7,space
737,space_37.txt,data\dataset\space\space_37.txt,7,space
738,space_38.txt,data\dataset\space\space_38.txt,7,space
739,space_39.txt,data\dataset\space\space_39.txt,7,space
740,space_4.txt,data\dataset\space\space_4.txt,7,space
741,space_40.txt,data\dataset\space\space_40.txt,7,space
742,space_41.txt,data\dataset\space\space_41.txt,7,space
743,space_42.txt,data\dataset\space\space_42.txt,7,space
744,space_43.txt,data\dataset\space\space_43.txt,7,space
745,space_44.txt,data\dataset\space\space_44.txt,7,space
746,space_45.txt,data\dataset\space\space_45.txt,7,space
747,space_46.txt,data\dataset\space\space_46.txt,7,space
748,space_47.txt,data\dataset\space\space_47.txt,7,space
749,space_48.txt,data\dataset\space\space_48.txt,7,space
750,space_49.txt,data\dataset\space\space_49.txt,7,space
751,space_5.txt,data\dataset\space\space_5.txt,7,space
752,space_50.txt,data\dataset\space\space_50.txt,7,space
753,space_51.txt,data\dataset\space\space_51.txt,7,space
754,space_52.txt,data\dataset\space\space_52.txt,7,space
755,space_53.txt,data\dataset\space\space_53.txt,7,space
756,space_54.txt,data\dataset\space\space_54.txt,7,space
757,space_55.txt,data\dataset\space\space_55.txt,7,space
758,space_56.txt,data\dataset\space\space_56.txt,7,space
759,space_57.txt,data\dataset\space\space_57.txt,7,space
760,space_58.txt,data\dataset\space\space_58.txt,7,space
761,space_59.txt,data\dataset\space\space_59.txt,7,space
762,space_6.txt,data\dataset\space\space_6.txt,7,space
763,space_60.txt,data\dataset\space\space_60.txt,7,space
764,space_61.txt,data\dataset\space\space_61.txt,7,space
765,space_62.txt,data\dataset\space\space_62.txt,7,space
766,space_63.txt,data\dataset\space\space_63.txt,7,space
767,space_64.txt,data\dataset\space\space_64.txt,7,space
768,space_65.txt,data\dataset\space\space_65.txt,7,space
769,space_66.txt,data\dataset\space\space_66.txt,7,space
770,space_67.txt,data\dataset\space\space_67.txt,7,space
771,space_68.txt,data\dataset\space\space_68.txt,7,space
772,space_69.txt,data\dataset\space\space_69.txt,7,space
773,space_7.txt,data\dataset\space\space_7.txt,7,space
774,space_70.txt,data\dataset\space\space_70.txt,7,space
775,space_71.txt,data\dataset\space\space_71.txt,7,space
776,space_72.txt,data\dataset\space\space_72.txt,7,space
777,space_73.txt,data\dataset\space\space_73.txt,7,space
778,space_74.txt,data\dataset\space\space_74.txt,7,space
779,space_75.txt,data\dataset\space\space_75.txt,7,space
780,space_76.txt,data\dataset\space\space_76.txt,7,space
781,space_77.txt,data\dataset\space\space_77.txt,7,space
782,space_78.txt,data\dataset\space\space_78.txt,7,space
783,space_79.txt,data\dataset\space\space_79.txt,7,space
784,space_8.txt,data\dataset\space\space_8.txt,7,space
785,space_80.txt,data\dataset\space\space_80.txt,7,space
786,space_81.txt,data\dataset\space\space_81.txt,7,space
787,space_82.txt,data\dataset\space\space_82.txt,7,space
788,space_83.txt,data\dataset\space\space_83.txt,7,space
789,space_84.txt,data\dataset\space\space_84.txt,7,space
790,space_85.txt,data\dataset\space\space_85.txt,7,space
791,space_86.txt,data\dataset\space\space_86.txt,7,space
792,space_87.txt,data\dataset\space\space_87.txt,7,space
793,space_88.txt,data\dataset\space\space_88.txt,7,space
794,space_89.txt,data\dataset\space\space_89.txt,7,space
795,space_9.txt,data\dataset\space\space_9.txt,7,space
796,space_90.txt,data\dataset\space\space_90.txt,7,space
797,space_91.txt,data\dataset\space\space_91.txt,7,space
798,space_92.txt,data\dataset\space\space_92.txt,7,space
799,space_93.txt,data\dataset\space\space_93.txt,7,space
800,space_94.txt,data\dataset\space\space_94.txt,7,space
801,space_95.txt,data\dataset\space\space_95.txt,7,space
802,space_96.txt,data\dataset\space\space_96.txt,7,space
803,space_97.txt,data\dataset\space\space_97.txt,7,space
804,space_98.txt,data\dataset\space\space_98.txt,7,space
805,space_99.txt,data\dataset\space\space_99.txt,7,space
806,sport_1.txt,data\dataset\sport\sport_1.txt,8,sport
807,sport_10.txt,data\dataset\sport\sport_10.txt,8,sport
808,sport_100.txt,data\dataset\sport\sport_100.txt,8,sport
809,sport_11.txt,data\dataset\sport\sport_11.txt,8,sport
810,sport_12.txt,data\dataset\sport\sport_12.txt,8,sport
811,sport_13.txt,data\dataset\sport\sport_13.txt,8,sport
812,sport_14.txt,data\dataset\sport\sport_14.txt,8,sport
813,sport_15.txt,data\dataset\sport\sport_15.txt,8,sport
814,sport_16.txt,data\dataset\sport\sport_16.txt,8,sport
815,sport_17.txt,data\dataset\sport\sport_17.txt,8,sport
816,sport_18.txt,data\dataset\sport\sport_18.txt,8,sport
817,sport_19.txt,data\dataset\sport\sport_19.txt,8,sport
818,sport_2.txt,data\dataset\sport\sport_2.txt,8,sport
819,sport_20.txt,data\dataset\sport\sport_20.txt,8,sport
820,sport_21.txt,data\dataset\sport\sport_21.txt,8,sport
821,sport_22.txt,data\dataset\sport\sport_22.txt,8,sport
822,sport_23.txt,data\dataset\sport\sport_23.txt,8,sport
823,sport_24.txt,data\dataset\sport\sport_24.txt,8,sport
824,sport_25.txt,data\dataset\sport\sport_25.txt,8,sport
825,sport_26.txt,data\dataset\sport\sport_26.txt,8,sport
826,sport_27.txt,data\dataset\sport\sport_27.txt,8,sport
827,sport_28.txt,data\dataset\sport\sport_28.txt,8,sport
828,sport_29.txt,data\dataset\sport\sport_29.txt,8,sport
829,sport_3.txt,data\dataset\sport\sport_3.txt,8,sport
830,sport_30.txt,data\dataset\sport\sport_30.txt,8,sport
831,sport_31.txt,data\dataset\sport\sport_31.txt,8,sport
832,sport_32.txt,data\dataset\sport\sport_32.txt,8,sport
833,sport_33.txt,data\dataset\sport\sport_33.txt,8,sport
834,sport_34.txt,data\dataset\sport\sport_34.txt,8,sport
835,sport_35.txt,data\dataset\sport\sport_35.txt,8,sport
836,sport_36.txt,data\dataset\sport\sport_36.txt,8,sport
837,sport_37.txt,data\dataset\sport\sport_37.txt,8,sport
838,sport_38.txt,data\dataset\sport\sport_38.txt,8,sport
839,sport_39.txt,data\dataset\sport\sport_39.txt,8,sport
840,sport_4.txt,data\dataset\sport\sport_4.txt,8,sport
841,sport_40.txt,data\dataset\sport\sport_40.txt,8,sport
842,sport_41.txt,data\dataset\sport\sport_41.txt,8,sport
843,sport_42.txt,data\dataset\sport\sport_42.txt,8,sport
844,sport_43.txt,data\dataset\sport\sport_43.txt,8,sport
845,sport_44.txt,data\dataset\sport\sport_44.txt,8,sport
846,sport_45.txt,data\dataset\sport\sport_45.txt,8,sport
847,sport_46.txt,data\dataset\sport\sport_46.txt,8,sport
848,sport_47.txt,data\dataset\sport\sport_47.txt,8,sport
849,sport_48.txt,data\dataset\sport\sport_48.txt,8,sport
850,sport_49.txt,data\dataset\sport\sport_49.txt,8,sport
851,sport_5.txt,data\dataset\sport\sport_5.txt,8,sport
852,sport_50.txt,data\dataset\sport\sport_50.txt,8,sport
853,sport_51.txt,data\dataset\sport\sport_51.txt,8,sport
854,sport_52.txt,data\dataset\sport\sport_52.txt,8,sport
855,sport_53.txt,data\dataset\sport\sport_53.txt,8,sport
856,sport_54.txt,data\dataset\sport\sport_54.txt,8,sport
857,sport_55.txt,data\dataset\sport\sport_55.txt,8,sport
858,sport_56.txt,data\dataset\sport\sport_56.txt,8,sport
859,sport_57.txt,data\dataset\sport\sport_57.txt,8,sport
860,sport_58.txt,data\dataset\sport\sport_58.txt,8,sport
861,sport_59.txt,data\dataset\sport\sport_59.txt,8,sport
862,sport_6.txt,data\dataset\sport\sport_6.txt,8,sport
863,sport_60.txt,data\dataset\sport\sport_60.txt,8,sport
864,sport_61.txt,data\dataset\sport\sport_61.txt,8,sport
865,sport_62.txt,data\dataset\sport\sport_62.txt,8,sport
866,sport_63.txt,data\dataset\sport\sport_63.txt,8,sport
867,sport_64.txt,data\dataset\sport\sport_64.txt,8,sport
868,sport_65.txt,data\dataset\sport\sport_65.txt,8,sport
869,sport_66.txt,data\dataset\sport\sport_66.txt,8,sport
870,sport_67.txt,data\dataset\sport\sport_67.txt,8,sport
871,sport_68.txt,data\dataset\sport\sport_68.txt,8,sport
872,sport_69.txt,data\dataset\sport\sport_69.txt,8,sport
873,sport_7.txt,data\dataset\sport\sport_7.txt,8,sport
874,sport_70.txt,data\dataset\sport\sport_70.txt,8,sport
875,sport_71.txt,data\dataset\sport\sport_71.txt,8,sport
876,sport_72.txt,data\dataset\sport\sport_72.txt,8,sport
877,sport_73.txt,data\dataset\sport\sport_73.txt,8,sport
878,sport_74.txt,data\dataset\sport\sport_74.txt,8,sport
879,sport_75.txt,data\dataset\sport\sport_75.txt,8,sport
880,sport_76.txt,data\dataset\sport\sport_76.txt,8,sport
881,sport_77.txt,data\dataset\sport\sport_77.txt,8,sport
882,sport_78.txt,data\dataset\sport\sport_78.txt,8,sport
883,sport_79.txt,data\dataset\sport\sport_79.txt,8,sport
884,sport_8.txt,data\dataset\sport\sport_8.txt,8,sport
885,sport_80.txt,data\dataset\sport\sport_80.txt,8,sport
886,sport_81.txt,data\dataset\sport\sport_81.txt,8,sport
887,sport_82.txt,data\dataset\sport\sport_82.txt,8,sport
888,sport_83.txt,data\dataset\sport\sport_83.txt,8,sport
889,sport_84.txt,data\dataset\sport\sport_84.txt,8,sport
890,sport_85.txt,data\dataset\sport\sport_85.txt,8,sport
891,sport_86.txt,data\dataset\sport\sport_86.txt,8,sport
892,sport_87.txt,data\dataset\sport\sport_87.txt,8,sport
893,sport_88.txt,data\dataset\sport\sport_88.txt,8,sport
894,sport_89.txt,data\dataset\sport\sport_89.txt,8,sport
895,sport_9.txt,data\dataset\sport\sport_9.txt,8,sport
896,sport_90.txt,data\dataset\sport\sport_90.txt,8,sport
897,sport_91.txt,data\dataset\sport\sport_91.txt,8,sport
898,sport_92.txt,data\dataset\sport\sport_92.txt,8,sport
899,sport_93.txt,data\dataset\sport\sport_93.txt,8,sport
900,sport_94.txt,data\dataset\sport\sport_94.txt,8,sport
901,sport_95.txt,data\dataset\sport\sport_95.txt,8,sport
902,sport_96.txt,data\dataset\sport\sport_96.txt,8,sport
903,sport_97.txt,data\dataset\sport\sport_97.txt,8,sport
904,sport_98.txt,data\dataset\sport\sport_98.txt,8,sport
905,sport_99.txt,data\dataset\sport\sport_99.txt,8,sport
906,technologie_1.txt,data\dataset\technologie\technologie_1.txt,9,technologie
907,technologie_10.txt,data\dataset\technologie\technologie_10.txt,9,technologie
908,technologie_100.txt,data\dataset\technologie\technologie_100.txt,9,technologie
909,technologie_11.txt,data\dataset\technologie\technologie_11.txt,9,technologie
910,technologie_12.txt,data\dataset\technologie\technologie_12.txt,9,technologie
911,technologie_13.txt,data\dataset\technologie\technologie_13.txt,9,technologie
912,technologie_14.txt,data\dataset\technologie\technologie_14.txt,9,technologie
913,technologie_15.txt,data\dataset\technologie\technologie_15.txt,9,technologie
914,technologie_16.txt,data\dataset\technologie\technologie_16.txt,9,technologie
915,technologie_17.txt,data\dataset\technologie\technologie_17.txt,9,technologie
916,technologie_18.txt,data\dataset\technologie\technologie_18.txt,9,technologie
917,technologie_19.txt,data\dataset\technologie\technologie_19.txt,9,technologie
918,technologie_2.txt,data\dataset\technologie\technologie_2.txt,9,technologie
919,technologie_20.txt,data\dataset\technologie\technologie_20.txt,9,technologie
920,technologie_21.txt,data\dataset\technologie\technologie_21.txt,9,technologie
921,technologie_22.txt,data\dataset\technologie\technologie_22.txt,9,technologie
922,technologie_23.txt,data\dataset\technologie\technologie_23.txt,9,technologie
923,technologie_24.txt,data\dataset\technologie\technologie_24.txt,9,technologie
924,technologie_25.txt,data\dataset\technologie\technologie_25.txt,9,technologie
925,technologie_26.txt,data\dataset\technologie\technologie_26.txt,9,technologie
926,technologie_27.txt,data\dataset\technologie\technologie_27.txt,9,technologie
927,technologie_28.txt,data\dataset\technologie\technologie_28.txt,9,technologie
928,technologie_29.txt,data\dataset\technologie\technologie_29.txt,9,technologie
929,technologie_3.txt,data\dataset\technologie\technologie_3.txt,9,technologie
930,technologie_30.txt,data\dataset\technologie\technologie_30.txt,9,technologie
931,technologie_31.txt,data\dataset\technologie\technologie_31.txt,9,technologie
932,technologie_32.txt,data\dataset\technologie\technologie_32.txt,9,technologie
933,technologie_33.txt,data\dataset\technologie\technologie_33.txt,9,technologie
934,technologie_34.txt,data\dataset\technologie\technologie_34.txt,9,technologie
935,technologie_35.txt,data\dataset\technologie\technologie_35.txt,9,technologie
936,technologie_36.txt,data\dataset\technologie\technologie_36.txt,9,technologie
937,technologie_37.txt,data\dataset\technologie\technologie_37.txt,9,technologie
938,technologie_38.txt,data\dataset\technologie\technologie_38.txt,9,technologie
939,technologie_39.txt,data\dataset\technologie\technologie_39.txt,9,technologie
940,technologie_4.txt,data\dataset\technologie\technologie_4.txt,9,technologie
941,technologie_40.txt,data\dataset\technologie\technologie_40.txt,9,technologie
942,technologie_41.txt,data\dataset\technologie\technologie_41.txt,9,technologie
943,technologie_42.txt,data\dataset\technologie\technologie_42.txt,9,technologie
944,technologie_43.txt,data\dataset\technologie\technologie_43.txt,9,technologie
945,technologie_44.txt,data\dataset\technologie\technologie_44.txt,9,technologie
946,technologie_45.txt,data\dataset\technologie\technologie_45.txt,9,technologie
947,technologie_46.txt,data\dataset\technologie\technologie_46.txt,9,technologie
948,technologie_47.txt,data\dataset\technologie\technologie_47.txt,9,technologie
949,technologie_48.txt,data\dataset\technologie\technologie_48.txt,9,technologie
950,technologie_49.txt,data\dataset\technologie\technologie_49.txt,9,technologie
951,technologie_5.txt,data\dataset\technologie\technologie_5.txt,9,technologie
952,technologie_50.txt,data\dataset\technologie\technologie_50.txt,9,technologie
953,technologie_51.txt,data\dataset\technologie\technologie_51.txt,9,technologie
954,technologie_52.txt,data\dataset\technologie\technologie_52.txt,9,technologie
955,technologie_53.txt,data\dataset\technologie\technologie_53.txt,9,technologie
956,technologie_54.txt,data\dataset\technologie\technologie_54.txt,9,technologie
957,technologie_55.txt,data\dataset\technologie\technologie_55.txt,9,technologie
958,technologie_56.txt,data\dataset\technologie\technologie_56.txt,9,technologie
959,technologie_57.txt,data\dataset\technologie\technologie_57.txt,9,technologie
960,technologie_58.txt,data\dataset\technologie\technologie_58.txt,9,technologie
961,technologie_59.txt,data\dataset\technologie\technologie_59.txt,9,technologie
962,technologie_6.txt,data\dataset\technologie\technologie_6.txt,9,technologie
963,technologie_60.txt,data\dataset\technologie\technologie_60.txt,9,technologie
964,technologie_61.txt,data\dataset\technologie\technologie_61.txt,9,technologie
965,technologie_62.txt,data\dataset\technologie\technologie_62.txt,9,technologie
966,technologie_63.txt,data\dataset\technologie\technologie_63.txt,9,technologie
967,technologie_64.txt,data\dataset\technologie\technologie_64.txt,9,technologie
968,technologie_65.txt,data\dataset\technologie\technologie_65.txt,9,technologie
969,technologie_66.txt,data\dataset\technologie\technologie_66.txt,9,technologie
970,technologie_67.txt,data\dataset\technologie\technologie_67.txt,9,technologie
971,technologie_68.txt,data\dataset\technologie\technologie_68.txt,9,technologie
972,technologie_69.txt,data\dataset\technologie\technologie_69.txt,9,technologie
973,technologie_7.txt,data\dataset\technologie\technologie_7.txt,9,technologie
974,technologie_70.txt,data\dataset\technologie\technologie_70.txt,9,technologie
975,technologie_71.txt,data\dataset\technologie\technologie_71.txt,9,technologie
976,technologie_72.txt,data\dataset\technologie\technologie_72.txt,9,technologie
977,technologie_73.txt,data\dataset\technologie\technologie_73.txt,9,technologie
978,technologie_74.txt,data\dataset\technologie\technologie_74.txt,9,technologie
979,technologie_75.txt,data\dataset\technologie\technologie_75.txt,9,technologie
980,technologie_76.txt,data\dataset\technologie\technologie_76.txt,9,technologie
981,technologie_77.txt,data\dataset\technologie\technologie_77.txt,9,technologie
982,technologie_78.txt,data\dataset\technologie\technologie_78.txt,9,technologie
983,technologie_79.txt,data\dataset\technologie\technologie_79.txt,9,technologie
984,technologie_8.txt,data\dataset\technologie\technologie_8.txt,9,technologie
985,technologie_80.txt,data\dataset\technologie\technologie_80.txt,9,technologie
986,technologie_81.txt,data\dataset\technologie\technologie_81.txt,9,technologie
987,technologie_82.txt,data\dataset\technologie\technologie_82.txt,9,technologie
988,technologie_83.txt,data\dataset\technologie\technologie_83.txt,9,technologie
989,technologie_84.txt,data\dataset\technologie\technologie_84.txt,9,technologie
990,technologie_85.txt,data\dataset\technologie\technologie_85.txt,9,technologie
991,technologie_86.txt,data\dataset\technologie\technologie_86.txt,9,technologie
992,technologie_87.txt,data\dataset\technologie\technologie_87.txt,9,technologie
993,technologie_88.txt,data\dataset\technologie\technologie_88.txt,9,technologie
994,technologie_89.txt,data\dataset\technologie\technologie_89.txt,9,technologie
995,technologie_9.txt,data\dataset\technologie\technologie_9.txt,9,technologie
996,technologie_90.txt,data\dataset\technologie\technologie_90.txt,9,technologie
997,technologie_91.txt,data\dataset\technologie\technologie_91.txt,9,technologie
998,technologie_92.txt,data\dataset\technologie\technologie_92.txt,9,technologie
999,technologie_93.txt,data\dataset\technologie\technologie_93.txt,9,technologie
1000,technologie_94.txt,data\dataset\technologie\technologie_94.txt,9,technologie
1001,technologie_95.txt,data\dataset\technologie\technologie_95.txt,9,technologie
1002,technologie_96.txt,data\dataset\technologie\technologie_96.txt,9,technologie
1003,technologie_97.txt,data\dataset\technologie\technologie_97.txt,9,technologie
1004,technologie_98.txt,data\dataset\technologie\technologie_98.txt,9,technologie
1005,technologie_99.txt,data\dataset\technologie\technologie_99.txt,9,technologie
